text,label
I absolutely love this product it works perfectly,positive
This is the best purchase I have ever made,positive
Amazing quality and super fast shipping,positive
Really happy with this item highly recommended,positive
Fantastic product exceeded all my expectations,positive
Great value for the price very satisfied,positive
Works exactly as described could not be happier,positive
Excellent customer service and quick delivery,positive
Love it my whole family enjoys using this,positive
Perfect fit and great quality material,positive
This product is outstanding five stars from me,positive
Very impressed with the build quality,positive
Highly recommend this to everyone,positive
Best thing I have bought this year,positive
Absolutely brilliant product works like a charm,positive
This was a terrible experience very disappointed,negative
The product broke after just two days of use,negative
Worst purchase I have ever made complete waste of money,negative
Very poor quality arrived damaged and unusable,negative
Do not buy this product total disappointment,negative
Stopped working after one week absolutely awful,negative
Extremely disappointed nothing like the description,negative
Horrible customer service refused to issue a refund,negative
Complete junk fell apart immediately,negative
Overpriced and underdelivered very unhappy,negative
This is garbage wasted my money,negative
Poor craftsmanship and terrible materials,negative
Would not recommend this to anyone,negative
Utterly useless product avoid at all costs,negative
Defective item and no response from support,negative
The product arrived on time and works as expected,neutral
Decent product nothing special but does the job,neutral
It is okay average quality for the price,neutral
Product is fine not great not terrible,neutral
Meets basic requirements but nothing more,neutral
Arrived quickly and packaging was acceptable,neutral
Standard quality as expected for this price range,neutral
Works as advertised nothing to complain about,neutral
Fairly ordinary product serves its purpose,neutral
Not bad but there are better options available,neutral
It does what it says on the box nothing more,neutral
Reasonable quality for everyday use,neutral
Acceptable product for casual use,neutral
Got what I paid for no surprises,neutral
Adequate for my needs would consider repurchasing,neutral
